[
  {
    "label": "Afghanistan",
    "alpha-2": "AF",
    "alpha-3": "AFG",
    "value": "004",
    "value_old": "ISO 3166-2:AF",
    "region": "Asia",
    "sub-region": "Southern Asia",
    "region-code": "142",
    "sub-region-code": "034"
  },
  {
    "label": "Åland Islands",
    "alpha-2": "AX",
    "alpha-3": "ALA",
    "value": "248",
    "value_old": "ISO 3166-2:AX",
    "sub-region-code": "154",
    "region-code": "150",
    "sub-region": "Northern Europe",
    "region": "Europe"
  },
  {
    "label": "Albania",
    "alpha-2": "AL",
    "alpha-3": "ALB",
    "value": "008",
    "value_old": "ISO 3166-2:AL",
    "region": "Europe",
    "sub-region": "Southern Europe",
    "region-code": "150",
    "sub-region-code": "039"
  },
  {
    "label": "Algeria",
    "alpha-2": "DZ",
    "alpha-3": "DZA",
    "value": "012",
    "value_old": "ISO 3166-2:DZ",
    "region": "Africa",
    "sub-region": "Northern Africa",
    "region-code": "002",
    "sub-region-code": "015"
  },
  {
    "label": "American Samoa",
    "alpha-2": "AS",
    "alpha-3": "ASM",
    "value": "016",
    "value_old": "ISO 3166-2:AS",
    "region": "Oceania",
    "sub-region": "Polynesia",
    "region-code": "009",
    "sub-region-code": "061"
  },
  {
    "label": "Andorra",
    "alpha-2": "AD",
    "alpha-3": "AND",
    "value": "020",
    "value_old": "ISO 3166-2:AD",
    "region": "Europe",
    "sub-region": "Southern Europe",
    "region-code": "150",
    "sub-region-code": "039"
  },
  {
    "label": "Angola",
    "alpha-2": "AO",
    "alpha-3": "AGO",
    "value": "024",
    "value_old": "ISO 3166-2:AO",
    "region": "Africa",
    "sub-region": "Middle Africa",
    "region-code": "002",
    "sub-region-code": "017"
  },
  {
    "label": "Anguilla",
    "alpha-2": "AI",
    "alpha-3": "AIA",
    "value": "660",
    "value_old": "ISO 3166-2:AI",
    "region": "Americas",
    "sub-region": "Caribbean",
    "region-code": "019",
    "sub-region-code": "029"
  },
  {
    "label": "Antarctica",
    "alpha-2": "AQ",
    "alpha-3": "ATA",
    "value": "010",
    "value_old": "ISO 3166-2:AQ",
    "sub-region-code": null,
    "region-code": null,
    "sub-region": null,
    "region": null
  },
  {
    "label": "Antigua and Barbuda",
    "alpha-2": "AG",
    "alpha-3": "ATG",
    "value": "028",
    "value_old": "ISO 3166-2:AG",
    "region": "Americas",
    "sub-region": "Caribbean",
    "region-code": "019",
    "sub-region-code": "029"
  },
  {
    "label": "Argentina",
    "alpha-2": "AR",
    "alpha-3": "ARG",
    "value": "032",
    "value_old": "ISO 3166-2:AR",
    "region": "Americas",
    "sub-region": "South America",
    "region-code": "019",
    "sub-region-code": "005"
  },
  {
    "label": "Armenia",
    "alpha-2": "AM",
    "alpha-3": "ARM",
    "value": "051",
    "value_old": "ISO 3166-2:AM",
    "region": "Asia",
    "sub-region": "Western Asia",
    "region-code": "142",
    "sub-region-code": "145"
  },
  {
    "label": "Aruba",
    "alpha-2": "AW",
    "alpha-3": "ABW",
    "value": "533",
    "value_old": "ISO 3166-2:AW",
    "region": "Americas",
    "sub-region": "Caribbean",
    "region-code": "019",
    "sub-region-code": "029"
  },
  {
    "label": "Australia",
    "alpha-2": "AU",
    "alpha-3": "AUS",
    "value": "036",
    "value_old": "ISO 3166-2:AU",
    "region": "Oceania",
    "sub-region": "Australia and New Zealand",
    "region-code": "009",
    "sub-region-code": "053"
  },
  {
    "label": "Austria",
    "alpha-2": "AT",
    "alpha-3": "AUT",
    "value": "040",
    "value_old": "ISO 3166-2:AT",
    "region": "Europe",
    "sub-region": "Western Europe",
    "region-code": "150",
    "sub-region-code": "155"
  },
  {
    "label": "Azerbaijan",
    "alpha-2": "AZ",
    "alpha-3": "AZE",
    "value": "031",
    "value_old": "ISO 3166-2:AZ",
    "region": "Asia",
    "sub-region": "Western Asia",
    "region-code": "142",
    "sub-region-code": "145"
  },
  {
    "label": "Bahamas",
    "alpha-2": "BS",
    "alpha-3": "BHS",
    "value": "044",
    "value_old": "ISO 3166-2:BS",
    "region": "Americas",
    "sub-region": "Caribbean",
    "region-code": "019",
    "sub-region-code": "029"
  },
  {
    "label": "Bahrain",
    "alpha-2": "BH",
    "alpha-3": "BHR",
    "value": "048",
    "value_old": "ISO 3166-2:BH",
    "region": "Asia",
    "sub-region": "Western Asia",
    "region-code": "142",
    "sub-region-code": "145"
  },
  {
    "label": "Bangladesh",
    "alpha-2": "BD",
    "alpha-3": "BGD",
    "value": "050",
    "value_old": "ISO 3166-2:BD",
    "region": "Asia",
    "sub-region": "Southern Asia",
    "region-code": "142",
    "sub-region-code": "034"
  },
  {
    "label": "Barbados",
    "alpha-2": "BB",
    "alpha-3": "BRB",
    "value": "052",
    "value_old": "ISO 3166-2:BB",
    "region": "Americas",
    "sub-region": "Caribbean",
    "region-code": "019",
    "sub-region-code": "029"
  },
  {
    "label": "Belarus",
    "alpha-2": "BY",
    "alpha-3": "BLR",
    "value": "112",
    "value_old": "ISO 3166-2:BY",
    "region": "Europe",
    "sub-region": "Eastern Europe",
    "region-code": "150",
    "sub-region-code": "151"
  },
  {
    "label": "Belgium",
    "alpha-2": "BE",
    "alpha-3": "BEL",
    "value": "056",
    "value_old": "ISO 3166-2:BE",
    "region": "Europe",
    "sub-region": "Western Europe",
    "region-code": "150",
    "sub-region-code": "155"
  },
  {
    "label": "Belize",
    "alpha-2": "BZ",
    "alpha-3": "BLZ",
    "value": "084",
    "value_old": "ISO 3166-2:BZ",
    "region": "Americas",
    "sub-region": "Central America",
    "region-code": "019",
    "sub-region-code": "013"
  },
  {
    "label": "Benin",
    "alpha-2": "BJ",
    "alpha-3": "BEN",
    "value": "204",
    "value_old": "ISO 3166-2:BJ",
    "region": "Africa",
    "sub-region": "Western Africa",
    "region-code": "002",
    "sub-region-code": "011"
  },
  {
    "label": "Bermuda",
    "alpha-2": "BM",
    "alpha-3": "BMU",
    "value": "060",
    "value_old": "ISO 3166-2:BM",
    "region": "Americas",
    "sub-region": "Northern America",
    "region-code": "019",
    "sub-region-code": "021"
  },
  {
    "label": "Bhutan",
    "alpha-2": "BT",
    "alpha-3": "BTN",
    "value": "064",
    "value_old": "ISO 3166-2:BT",
    "region": "Asia",
    "sub-region": "Southern Asia",
    "region-code": "142",
    "sub-region-code": "034"
  },
  {
    "label": "Bolivia (Plurinational State of)",
    "alpha-2": "BO",
    "alpha-3": "BOL",
    "value": "068",
    "value_old": "ISO 3166-2:BO",
    "region": "Americas",
    "sub-region": "South America",
    "region-code": "019",
    "sub-region-code": "005"
  },
  {
    "label": "Bonaire, Sint Eustatius and Saba",
    "alpha-2": "BQ",
    "alpha-3": "BES",
    "value": "535",
    "value_old": "ISO 3166-2:BQ",
    "region": "Americas",
    "sub-region": "Caribbean",
    "region-code": "019",
    "sub-region-code": "029"
  },
  {
    "label": "Bosnia and Herzegovina",
    "alpha-2": "BA",
    "alpha-3": "BIH",
    "value": "070",
    "value_old": "ISO 3166-2:BA",
    "region": "Europe",
    "sub-region": "Southern Europe",
    "region-code": "150",
    "sub-region-code": "039"
  },
  {
    "label": "Botswana",
    "alpha-2": "BW",
    "alpha-3": "BWA",
    "value": "072",
    "value_old": "ISO 3166-2:BW",
    "region": "Africa",
    "sub-region": "Southern Africa",
    "region-code": "002",
    "sub-region-code": "018"
  },
  {
    "label": "Bouvet Island",
    "alpha-2": "BV",
    "alpha-3": "BVT",
    "value": "074",
    "value_old": "ISO 3166-2:BV",
    "sub-region-code": null,
    "region-code": null,
    "sub-region": null,
    "region": null
  },
  {
    "label": "Brazil",
    "alpha-2": "BR",
    "alpha-3": "BRA",
    "value": "076",
    "value_old": "ISO 3166-2:BR",
    "region": "Americas",
    "sub-region": "South America",
    "region-code": "019",
    "sub-region-code": "005"
  },
  {
    "label": "British Indian Ocean Territory",
    "alpha-2": "IO",
    "alpha-3": "IOT",
    "value": "086",
    "value_old": "ISO 3166-2:IO",
    "sub-region-code": null,
    "region-code": null,
    "sub-region": null,
    "region": null
  },
  {
    "label": "Brunei Darussalam",
    "alpha-2": "BN",
    "alpha-3": "BRN",
    "value": "096",
    "value_old": "ISO 3166-2:BN",
    "region": "Asia",
    "sub-region": "South-Eastern Asia",
    "region-code": "142",
    "sub-region-code": "035"
  },
  {
    "label": "Bulgaria",
    "alpha-2": "BG",
    "alpha-3": "BGR",
    "value": "100",
    "value_old": "ISO 3166-2:BG",
    "region": "Europe",
    "sub-region": "Eastern Europe",
    "region-code": "150",
    "sub-region-code": "151"
  },
  {
    "label": "Burkina Faso",
    "alpha-2": "BF",
    "alpha-3": "BFA",
    "value": "854",
    "value_old": "ISO 3166-2:BF",
    "region": "Africa",
    "sub-region": "Western Africa",
    "region-code": "002",
    "sub-region-code": "011"
  },
  {
    "label": "Burundi",
    "alpha-2": "BI",
    "alpha-3": "BDI",
    "value": "108",
    "value_old": "ISO 3166-2:BI",
    "region": "Africa",
    "sub-region": "Eastern Africa",
    "region-code": "002",
    "sub-region-code": "014"
  },
  {
    "label": "Cambodia",
    "alpha-2": "KH",
    "alpha-3": "KHM",
    "value": "116",
    "value_old": "ISO 3166-2:KH",
    "region": "Asia",
    "sub-region": "South-Eastern Asia",
    "region-code": "142",
    "sub-region-code": "035"
  },
  {
    "label": "Cameroon",
    "alpha-2": "CM",
    "alpha-3": "CMR",
    "value": "120",
    "value_old": "ISO 3166-2:CM",
    "region": "Africa",
    "sub-region": "Middle Africa",
    "region-code": "002",
    "sub-region-code": "017"
  },
  {
    "label": "Canada",
    "alpha-2": "CA",
    "alpha-3": "CAN",
    "value": "124",
    "value_old": "ISO 3166-2:CA",
    "region": "Americas",
    "sub-region": "Northern America",
    "region-code": "019",
    "sub-region-code": "021"
  },
  {
    "label": "Cabo Verde",
    "alpha-2": "CV",
    "alpha-3": "CPV",
    "value": "132",
    "value_old": "ISO 3166-2:CV",
    "region": "Africa",
    "sub-region": "Western Africa",
    "region-code": "002",
    "sub-region-code": "011"
  },
  {
    "label": "Cayman Islands",
    "alpha-2": "KY",
    "alpha-3": "CYM",
    "value": "136",
    "value_old": "ISO 3166-2:KY",
    "region": "Americas",
    "sub-region": "Caribbean",
    "region-code": "019",
    "sub-region-code": "029"
  },
  {
    "label": "Central African Republic",
    "alpha-2": "CF",
    "alpha-3": "CAF",
    "value": "140",
    "value_old": "ISO 3166-2:CF",
    "region": "Africa",
    "sub-region": "Middle Africa",
    "region-code": "002",
    "sub-region-code": "017"
  },
  {
    "label": "Chad",
    "alpha-2": "TD",
    "alpha-3": "TCD",
    "value": "148",
    "value_old": "ISO 3166-2:TD",
    "region": "Africa",
    "sub-region": "Middle Africa",
    "region-code": "002",
    "sub-region-code": "017"
  },
  {
    "label": "Chile",
    "alpha-2": "CL",
    "alpha-3": "CHL",
    "value": "152",
    "value_old": "ISO 3166-2:CL",
    "region": "Americas",
    "sub-region": "South America",
    "region-code": "019",
    "sub-region-code": "005"
  },
  {
    "label": "China",
    "alpha-2": "CN",
    "alpha-3": "CHN",
    "value": "156",
    "value_old": "ISO 3166-2:CN",
    "region": "Asia",
    "sub-region": "Eastern Asia",
    "region-code": "142",
    "sub-region-code": "030"
  },
  {
    "label": "Christmas Island",
    "alpha-2": "CX",
    "alpha-3": "CXR",
    "value": "162",
    "value_old": "ISO 3166-2:CX",
    "sub-region-code": null,
    "region-code": null,
    "sub-region": null,
    "region": null
  },
  {
    "label": "Cocos (Keeling) Islands",
    "alpha-2": "CC",
    "alpha-3": "CCK",
    "value": "166",
    "value_old": "ISO 3166-2:CC",
    "sub-region-code": null,
    "region-code": null,
    "sub-region": null,
    "region": null
  },
  {
    "label": "Colombia",
    "alpha-2": "CO",
    "alpha-3": "COL",
    "value": "170",
    "value_old": "ISO 3166-2:CO",
    "region": "Americas",
    "sub-region": "South America",
    "region-code": "019",
    "sub-region-code": "005"
  },
  {
    "label": "Comoros",
    "alpha-2": "KM",
    "alpha-3": "COM",
    "value": "174",
    "value_old": "ISO 3166-2:KM",
    "region": "Africa",
    "sub-region": "Eastern Africa",
    "region-code": "002",
    "sub-region-code": "014"
  },
  {
    "label": "Congo",
    "alpha-2": "CG",
    "alpha-3": "COG",
    "value": "178",
    "value_old": "ISO 3166-2:CG",
    "region": "Africa",
    "sub-region": "Middle Africa",
    "region-code": "002",
    "sub-region-code": "017"
  },
  {
    "label": "Congo (Democratic Republic of the)",
    "alpha-2": "CD",
    "alpha-3": "COD",
    "value": "180",
    "value_old": "ISO 3166-2:CD",
    "region": "Africa",
    "sub-region": "Middle Africa",
    "region-code": "002",
    "sub-region-code": "017"
  },
  {
    "label": "Cook Islands",
    "alpha-2": "CK",
    "alpha-3": "COK",
    "value": "184",
    "value_old": "ISO 3166-2:CK",
    "region": "Oceania",
    "sub-region": "Polynesia",
    "region-code": "009",
    "sub-region-code": "061"
  },
  {
    "label": "Costa Rica",
    "alpha-2": "CR",
    "alpha-3": "CRI",
    "value": "188",
    "value_old": "ISO 3166-2:CR",
    "region": "Americas",
    "sub-region": "Central America",
    "region-code": "019",
    "sub-region-code": "013"
  },
  {
    "label": "Côte d'Ivoire",
    "alpha-2": "CI",
    "alpha-3": "CIV",
    "value": "384",
    "value_old": "ISO 3166-2:CI",
    "region": "Africa",
    "sub-region": "Western Africa",
    "region-code": "002",
    "sub-region-code": "011"
  },
  {
    "label": "Croatia",
    "alpha-2": "HR",
    "alpha-3": "HRV",
    "value": "191",
    "value_old": "ISO 3166-2:HR",
    "region": "Europe",
    "sub-region": "Southern Europe",
    "region-code": "150",
    "sub-region-code": "039"
  },
  {
    "label": "Cuba",
    "alpha-2": "CU",
    "alpha-3": "CUB",
    "value": "192",
    "value_old": "ISO 3166-2:CU",
    "region": "Americas",
    "sub-region": "Caribbean",
    "region-code": "019",
    "sub-region-code": "029"
  },
  {
    "label": "Curaçao",
    "alpha-2": "CW",
    "alpha-3": "CUW",
    "value": "531",
    "value_old": "ISO 3166-2:CW",
    "region": "Americas",
    "sub-region": "Caribbean",
    "region-code": "019",
    "sub-region-code": "029"
  },
  {
    "label": "Cyprus",
    "alpha-2": "CY",
    "alpha-3": "CYP",
    "value": "196",
    "value_old": "ISO 3166-2:CY",
    "region": "Asia",
    "sub-region": "Western Asia",
    "region-code": "142",
    "sub-region-code": "145"
  },
  {
    "label": "Czech Republic",
    "alpha-2": "CZ",
    "alpha-3": "CZE",
    "value": "203",
    "value_old": "ISO 3166-2:CZ",
    "region": "Europe",
    "sub-region": "Eastern Europe",
    "region-code": "150",
    "sub-region-code": "151"
  },
  {
    "label": "Denmark",
    "alpha-2": "DK",
    "alpha-3": "DNK",
    "value": "208",
    "value_old": "ISO 3166-2:DK",
    "region": "Europe",
    "sub-region": "Northern Europe",
    "region-code": "150",
    "sub-region-code": "154"
  },
  {
    "label": "Djibouti",
    "alpha-2": "DJ",
    "alpha-3": "DJI",
    "value": "262",
    "value_old": "ISO 3166-2:DJ",
    "region": "Africa",
    "sub-region": "Eastern Africa",
    "region-code": "002",
    "sub-region-code": "014"
  },
  {
    "label": "Dominica",
    "alpha-2": "DM",
    "alpha-3": "DMA",
    "value": "212",
    "value_old": "ISO 3166-2:DM",
    "region": "Americas",
    "sub-region": "Caribbean",
    "region-code": "019",
    "sub-region-code": "029"
  },
  {
    "label": "Dominican Republic",
    "alpha-2": "DO",
    "alpha-3": "DOM",
    "value": "214",
    "value_old": "ISO 3166-2:DO",
    "region": "Americas",
    "sub-region": "Caribbean",
    "region-code": "019",
    "sub-region-code": "029"
  },
  {
    "label": "Ecuador",
    "alpha-2": "EC",
    "alpha-3": "ECU",
    "value": "218",
    "value_old": "ISO 3166-2:EC",
    "region": "Americas",
    "sub-region": "South America",
    "region-code": "019",
    "sub-region-code": "005"
  },
  {
    "label": "Egypt",
    "alpha-2": "EG",
    "alpha-3": "EGY",
    "value": "818",
    "value_old": "ISO 3166-2:EG",
    "region": "Africa",
    "sub-region": "Northern Africa",
    "region-code": "002",
    "sub-region-code": "015"
  },
  {
    "label": "El Salvador",
    "alpha-2": "SV",
    "alpha-3": "SLV",
    "value": "222",
    "value_old": "ISO 3166-2:SV",
    "region": "Americas",
    "sub-region": "Central America",
    "region-code": "019",
    "sub-region-code": "013"
  },
  {
    "label": "Equatorial Guinea",
    "alpha-2": "GQ",
    "alpha-3": "GNQ",
    "value": "226",
    "value_old": "ISO 3166-2:GQ",
    "region": "Africa",
    "sub-region": "Middle Africa",
    "region-code": "002",
    "sub-region-code": "017"
  },
  {
    "label": "Eritrea",
    "alpha-2": "ER",
    "alpha-3": "ERI",
    "value": "232",
    "value_old": "ISO 3166-2:ER",
    "region": "Africa",
    "sub-region": "Eastern Africa",
    "region-code": "002",
    "sub-region-code": "014"
  },
  {
    "label": "Estonia",
    "alpha-2": "EE",
    "alpha-3": "EST",
    "value": "233",
    "value_old": "ISO 3166-2:EE",
    "region": "Europe",
    "sub-region": "Northern Europe",
    "region-code": "150",
    "sub-region-code": "154"
  },
  {
    "label": "Ethiopia",
    "alpha-2": "ET",
    "alpha-3": "ETH",
    "value": "231",
    "value_old": "ISO 3166-2:ET",
    "region": "Africa",
    "sub-region": "Eastern Africa",
    "region-code": "002",
    "sub-region-code": "014"
  },
  {
    "label": "Falkland Islands (Malvinas)",
    "alpha-2": "FK",
    "alpha-3": "FLK",
    "value": "238",
    "value_old": "ISO 3166-2:FK",
    "region": "Americas",
    "sub-region": "South America",
    "region-code": "019",
    "sub-region-code": "005"
  },
  {
    "label": "Faroe Islands",
    "alpha-2": "FO",
    "alpha-3": "FRO",
    "value": "234",
    "value_old": "ISO 3166-2:FO",
    "region": "Europe",
    "sub-region": "Northern Europe",
    "region-code": "150",
    "sub-region-code": "154"
  },
  {
    "label": "Fiji",
    "alpha-2": "FJ",
    "alpha-3": "FJI",
    "value": "242",
    "value_old": "ISO 3166-2:FJ",
    "region": "Oceania",
    "sub-region": "Melanesia",
    "region-code": "009",
    "sub-region-code": "054"
  },
  {
    "label": "Finland",
    "alpha-2": "FI",
    "alpha-3": "FIN",
    "value": "246",
    "value_old": "ISO 3166-2:FI",
    "region": "Europe",
    "sub-region": "Northern Europe",
    "region-code": "150",
    "sub-region-code": "154"
  },
  {
    "label": "France",
    "alpha-2": "FR",
    "alpha-3": "FRA",
    "value": "250",
    "value_old": "ISO 3166-2:FR",
    "region": "Europe",
    "sub-region": "Western Europe",
    "region-code": "150",
    "sub-region-code": "155"
  },
  {
    "label": "French Guiana",
    "alpha-2": "GF",
    "alpha-3": "GUF",
    "value": "254",
    "value_old": "ISO 3166-2:GF",
    "region": "Americas",
    "sub-region": "South America",
    "region-code": "019",
    "sub-region-code": "005"
  },
  {
    "label": "French Polynesia",
    "alpha-2": "PF",
    "alpha-3": "PYF",
    "value": "258",
    "value_old": "ISO 3166-2:PF",
    "region": "Oceania",
    "sub-region": "Polynesia",
    "region-code": "009",
    "sub-region-code": "061"
  },
  {
    "label": "French Southern Territories",
    "alpha-2": "TF",
    "alpha-3": "ATF",
    "value": "260",
    "value_old": "ISO 3166-2:TF",
    "sub-region-code": null,
    "region-code": null,
    "sub-region": null,
    "region": null
  },
  {
    "label": "Gabon",
    "alpha-2": "GA",
    "alpha-3": "GAB",
    "value": "266",
    "value_old": "ISO 3166-2:GA",
    "region": "Africa",
    "sub-region": "Middle Africa",
    "region-code": "002",
    "sub-region-code": "017"
  },
  {
    "label": "Gambia",
    "alpha-2": "GM",
    "alpha-3": "GMB",
    "value": "270",
    "value_old": "ISO 3166-2:GM",
    "region": "Africa",
    "sub-region": "Western Africa",
    "region-code": "002",
    "sub-region-code": "011"
  },
  {
    "label": "Georgia",
    "alpha-2": "GE",
    "alpha-3": "GEO",
    "value": "268",
    "value_old": "ISO 3166-2:GE",
    "region": "Asia",
    "sub-region": "Western Asia",
    "region-code": "142",
    "sub-region-code": "145"
  },
  {
    "label": "Germany",
    "alpha-2": "DE",
    "alpha-3": "DEU",
    "value": "276",
    "value_old": "ISO 3166-2:DE",
    "region": "Europe",
    "sub-region": "Western Europe",
    "region-code": "150",
    "sub-region-code": "155"
  },
  {
    "label": "Ghana",
    "alpha-2": "GH",
    "alpha-3": "GHA",
    "value": "288",
    "value_old": "ISO 3166-2:GH",
    "region": "Africa",
    "sub-region": "Western Africa",
    "region-code": "002",
    "sub-region-code": "011"
  },
  {
    "label": "Gibraltar",
    "alpha-2": "GI",
    "alpha-3": "GIB",
    "value": "292",
    "value_old_old": "ISO 3166-2:GI",
    "region": "Europe",
    "sub-region": "Southern Europe",
    "region-code": "150",
    "sub-region-code": "039"
  },
  {
    "label": "Greece",
    "alpha-2": "GR",
    "alpha-3": "GRC",
    "value": "300",
    "value_old": "ISO 3166-2:GR",
    "region": "Europe",
    "sub-region": "Southern Europe",
    "region-code": "150",
    "sub-region-code": "039"
  },
  {
    "label": "Greenland",
    "alpha-2": "GL",
    "alpha-3": "GRL",
    "value": "304",
    "value_old": "ISO 3166-2:GL",
    "region": "Americas",
    "sub-region": "Northern America",
    "region-code": "019",
    "sub-region-code": "021"
  },
  {
    "label": "Grenada",
    "alpha-2": "GD",
    "alpha-3": "GRD",
    "value": "308",
    "value_old": "ISO 3166-2:GD",
    "region": "Americas",
    "sub-region": "Caribbean",
    "region-code": "019",
    "sub-region-code": "029"
  },
  {
    "label": "Guadeloupe",
    "alpha-2": "GP",
    "alpha-3": "GLP",
    "value": "312",
    "value_old": "ISO 3166-2:GP",
    "region": "Americas",
    "sub-region": "Caribbean",
    "region-code": "019",
    "sub-region-code": "029"
  },
  {
    "label": "Guam",
    "alpha-2": "GU",
    "alpha-3": "GUM",
    "value": "316",
    "value_old": "ISO 3166-2:GU",
    "region": "Oceania",
    "sub-region": "Micronesia",
    "region-code": "009",
    "sub-region-code": "057"
  },
  {
    "label": "Guatemala",
    "alpha-2": "GT",
    "alpha-3": "GTM",
    "value": "320",
    "value_old": "ISO 3166-2:GT",
    "region": "Americas",
    "sub-region": "Central America",
    "region-code": "019",
    "sub-region-code": "013"
  },
  {
    "label": "Guernsey",
    "alpha-2": "GG",
    "alpha-3": "GGY",
    "value": "831",
    "value_old": "ISO 3166-2:GG",
    "region": "Europe",
    "sub-region": "Northern Europe",
    "region-code": "150",
    "sub-region-code": "154"
  },
  {
    "label": "Guinea",
    "alpha-2": "GN",
    "alpha-3": "GIN",
    "value": "324",
    "value_old": "ISO 3166-2:GN",
    "region": "Africa",
    "sub-region": "Western Africa",
    "region-code": "002",
    "sub-region-code": "011"
  },
  {
    "label": "Guinea-Bissau",
    "alpha-2": "GW",
    "alpha-3": "GNB",
    "value": "624",
    "value_old": "ISO 3166-2:GW",
    "region": "Africa",
    "sub-region": "Western Africa",
    "region-code": "002",
    "sub-region-code": "011"
  },
  {
    "label": "Guyana",
    "alpha-2": "GY",
    "alpha-3": "GUY",
    "value": "328",
    "value_old": "ISO 3166-2:GY",
    "region": "Americas",
    "sub-region": "South America",
    "region-code": "019",
    "sub-region-code": "005"
  },
  {
    "label": "Haiti",
    "alpha-2": "HT",
    "alpha-3": "HTI",
    "value": "332",
    "value_old": "ISO 3166-2:HT",
    "region": "Americas",
    "sub-region": "Caribbean",
    "region-code": "019",
    "sub-region-code": "029"
  },
  {
    "label": "Heard Island and McDonald Islands",
    "alpha-2": "HM",
    "alpha-3": "HMD",
    "value": "334",
    "value_old": "ISO 3166-2:HM",
    "sub-region-code": null,
    "region-code": null,
    "sub-region": null,
    "region": null
  },
  {
    "label": "Holy See",
    "alpha-2": "VA",
    "alpha-3": "VAT",
    "value": "336",
    "value_old": "ISO 3166-2:VA",
    "region": "Europe",
    "sub-region": "Southern Europe",
    "region-code": "150",
    "sub-region-code": "039"
  },
  {
    "label": "Honduras",
    "alpha-2": "HN",
    "alpha-3": "HND",
    "value": "340",
    "value_old": "ISO 3166-2:HN",
    "region": "Americas",
    "sub-region": "Central America",
    "region-code": "019",
    "sub-region-code": "013"
  },
  {
    "label": "Hong Kong",
    "alpha-2": "HK",
    "alpha-3": "HKG",
    "value": "344",
    "value_old": "ISO 3166-2:HK",
    "region": "Asia",
    "sub-region": "Eastern Asia",
    "region-code": "142",
    "sub-region-code": "030"
  },
  {
    "label": "Hungary",
    "alpha-2": "HU",
    "alpha-3": "HUN",
    "value": "348",
    "value_old": "ISO 3166-2:HU",
    "region": "Europe",
    "sub-region": "Eastern Europe",
    "region-code": "150",
    "sub-region-code": "151"
  },
  {
    "label": "Iceland",
    "alpha-2": "IS",
    "alpha-3": "ISL",
    "value": "352",
    "value_old": "ISO 3166-2:IS",
    "region": "Europe",
    "sub-region": "Northern Europe",
    "region-code": "150",
    "sub-region-code": "154"
  },
  {
    "label": "India",
    "alpha-2": "IN",
    "alpha-3": "IND",
    "value": "356",
    "value_old": "ISO 3166-2:IN",
    "region": "Asia",
    "sub-region": "Southern Asia",
    "region-code": "142",
    "sub-region-code": "034"
  },
  {
    "label": "Indonesia",
    "alpha-2": "ID",
    "alpha-3": "IDN",
    "value": "360",
    "value_old": "ISO 3166-2:ID",
    "region": "Asia",
    "sub-region": "South-Eastern Asia",
    "region-code": "142",
    "sub-region-code": "035"
  },
  {
    "label": "Iran (Islamic Republic of)",
    "alpha-2": "IR",
    "alpha-3": "IRN",
    "value": "364",
    "value_old": "ISO 3166-2:IR",
    "region": "Asia",
    "sub-region": "Southern Asia",
    "region-code": "142",
    "sub-region-code": "034"
  },
  {
    "label": "Iraq",
    "alpha-2": "IQ",
    "alpha-3": "IRQ",
    "value": "368",
    "value_old": "ISO 3166-2:IQ",
    "region": "Asia",
    "sub-region": "Western Asia",
    "region-code": "142",
    "sub-region-code": "145"
  },
  {
    "label": "Ireland",
    "alpha-2": "IE",
    "alpha-3": "IRL",
    "value": "372",
    "value_old": "ISO 3166-2:IE",
    "region": "Europe",
    "sub-region": "Northern Europe",
    "region-code": "150",
    "sub-region-code": "154"
  },
  {
    "label": "Isle of Man",
    "alpha-2": "IM",
    "alpha-3": "IMN",
    "value": "833",
    "value_old": "ISO 3166-2:IM",
    "region": "Europe",
    "sub-region": "Northern Europe",
    "region-code": "150",
    "sub-region-code": "154"
  },
  {
    "label": "Israel",
    "alpha-2": "IL",
    "alpha-3": "ISR",
    "value": "376",
    "value_old": "ISO 3166-2:IL",
    "region": "Asia",
    "sub-region": "Western Asia",
    "region-code": "142",
    "sub-region-code": "145"
  },
  {
    "label": "Italy",
    "alpha-2": "IT",
    "alpha-3": "ITA",
    "value": "380",
    "value_old": "ISO 3166-2:IT",
    "region": "Europe",
    "sub-region": "Southern Europe",
    "region-code": "150",
    "sub-region-code": "039"
  },
  {
    "label": "Jamaica",
    "alpha-2": "JM",
    "alpha-3": "JAM",
    "value": "388",
    "value_old": "ISO 3166-2:JM",
    "region": "Americas",
    "sub-region": "Caribbean",
    "region-code": "019",
    "sub-region-code": "029"
  },
  {
    "label": "Japan",
    "alpha-2": "JP",
    "alpha-3": "JPN",
    "value": "392",
    "value_old": "ISO 3166-2:JP",
    "region": "Asia",
    "sub-region": "Eastern Asia",
    "region-code": "142",
    "sub-region-code": "030"
  },
  {
    "label": "Jersey",
    "alpha-2": "JE",
    "alpha-3": "JEY",
    "value": "832",
    "value_old": "ISO 3166-2:JE",
    "region": "Europe",
    "sub-region": "Northern Europe",
    "region-code": "150",
    "sub-region-code": "154"
  },
  {
    "label": "Jordan",
    "alpha-2": "JO",
    "alpha-3": "JOR",
    "value": "400",
    "value_old": "ISO 3166-2:JO",
    "region": "Asia",
    "sub-region": "Western Asia",
    "region-code": "142",
    "sub-region-code": "145"
  },
  {
    "label": "Kazakhstan",
    "alpha-2": "KZ",
    "alpha-3": "KAZ",
    "value": "398",
    "value_old": "ISO 3166-2:KZ",
    "region": "Asia",
    "sub-region": "Central Asia",
    "region-code": "142",
    "sub-region-code": "143"
  },
  {
    "label": "Kenya",
    "alpha-2": "KE",
    "alpha-3": "KEN",
    "value": "404",
    "value_old": "ISO 3166-2:KE",
    "region": "Africa",
    "sub-region": "Eastern Africa",
    "region-code": "002",
    "sub-region-code": "014"
  },
  {
    "label": "Kiribati",
    "alpha-2": "KI",
    "alpha-3": "KIR",
    "value": "296",
    "value_old": "ISO 3166-2:KI",
    "region": "Oceania",
    "sub-region": "Micronesia",
    "region-code": "009",
    "sub-region-code": "057"
  },
  {
    "label": "Korea (Democratic People's Republic of)",
    "alpha-2": "KP",
    "alpha-3": "PRK",
    "value": "408",
    "value_old": "ISO 3166-2:KP",
    "region": "Asia",
    "sub-region": "Eastern Asia",
    "region-code": "142",
    "sub-region-code": "030"
  },
  {
    "label": "Korea (Republic of)",
    "alpha-2": "KR",
    "alpha-3": "KOR",
    "value": "410",
    "value_old": "ISO 3166-2:KR",
    "region": "Asia",
    "sub-region": "Eastern Asia",
    "region-code": "142",
    "sub-region-code": "030"
  },
  {
    "label": "Kuwait",
    "alpha-2": "KW",
    "alpha-3": "KWT",
    "value": "414",
    "value_old": "ISO 3166-2:KW",
    "region": "Asia",
    "sub-region": "Western Asia",
    "region-code": "142",
    "sub-region-code": "145"
  },
  {
    "label": "Kyrgyzstan",
    "alpha-2": "KG",
    "alpha-3": "KGZ",
    "value": "417",
    "value_old": "ISO 3166-2:KG",
    "region": "Asia",
    "sub-region": "Central Asia",
    "region-code": "142",
    "sub-region-code": "143"
  },
  {
    "label": "Lao People's Democratic Republic",
    "alpha-2": "LA",
    "alpha-3": "LAO",
    "value": "418",
    "value_old": "ISO 3166-2:LA",
    "region": "Asia",
    "sub-region": "South-Eastern Asia",
    "region-code": "142",
    "sub-region-code": "035"
  },
  {
    "label": "Latvia",
    "alpha-2": "LV",
    "alpha-3": "LVA",
    "value": "428",
    "value_old": "ISO 3166-2:LV",
    "region": "Europe",
    "sub-region": "Northern Europe",
    "region-code": "150",
    "sub-region-code": "154"
  },
  {
    "label": "Lebanon",
    "alpha-2": "LB",
    "alpha-3": "LBN",
    "value": "422",
    "value_old": "ISO 3166-2:LB",
    "region": "Asia",
    "sub-region": "Western Asia",
    "region-code": "142",
    "sub-region-code": "145"
  },
  {
    "label": "Lesotho",
    "alpha-2": "LS",
    "alpha-3": "LSO",
    "value": "426",
    "value_old": "ISO 3166-2:LS",
    "region": "Africa",
    "sub-region": "Southern Africa",
    "region-code": "002",
    "sub-region-code": "018"
  },
  {
    "label": "Liberia",
    "alpha-2": "LR",
    "alpha-3": "LBR",
    "value": "430",
    "value_old": "ISO 3166-2:LR",
    "region": "Africa",
    "sub-region": "Western Africa",
    "region-code": "002",
    "sub-region-code": "011"
  },
  {
    "label": "Libya",
    "alpha-2": "LY",
    "alpha-3": "LBY",
    "value": "434",
    "value_old": "ISO 3166-2:LY",
    "region": "Africa",
    "sub-region": "Northern Africa",
    "region-code": "002",
    "sub-region-code": "015"
  },
  {
    "label": "Liechtenstein",
    "alpha-2": "LI",
    "alpha-3": "LIE",
    "value": "438",
    "value_old": "ISO 3166-2:LI",
    "region": "Europe",
    "sub-region": "Western Europe",
    "region-code": "150",
    "sub-region-code": "155"
  },
  {
    "label": "Lithuania",
    "alpha-2": "LT",
    "alpha-3": "LTU",
    "value": "440",
    "value_old": "ISO 3166-2:LT",
    "region": "Europe",
    "sub-region": "Northern Europe",
    "region-code": "150",
    "sub-region-code": "154"
  },
  {
    "label": "Luxembourg",
    "alpha-2": "LU",
    "alpha-3": "LUX",
    "value": "442",
    "value_old": "ISO 3166-2:LU",
    "region": "Europe",
    "sub-region": "Western Europe",
    "region-code": "150",
    "sub-region-code": "155"
  },
  {
    "label": "Macao",
    "alpha-2": "MO",
    "alpha-3": "MAC",
    "value": "446",
    "value_old": "ISO 3166-2:MO",
    "region": "Asia",
    "sub-region": "Eastern Asia",
    "region-code": "142",
    "sub-region-code": "030"
  },
  {
    "label": "Macedonia (the former Yugoslav Republic of)",
    "alpha-2": "MK",
    "alpha-3": "MKD",
    "value": "807",
    "value_old": "ISO 3166-2:MK",
    "region": "Europe",
    "sub-region": "Southern Europe",
    "region-code": "150",
    "sub-region-code": "039"
  },
  {
    "label": "Madagascar",
    "alpha-2": "MG",
    "alpha-3": "MDG",
    "value": "450",
    "value_old": "ISO 3166-2:MG",
    "region": "Africa",
    "sub-region": "Eastern Africa",
    "region-code": "002",
    "sub-region-code": "014"
  },
  {
    "label": "Malawi",
    "alpha-2": "MW",
    "alpha-3": "MWI",
    "value": "454",
    "value_old": "ISO 3166-2:MW",
    "region": "Africa",
    "sub-region": "Eastern Africa",
    "region-code": "002",
    "sub-region-code": "014"
  },
  {
    "label": "Malaysia",
    "alpha-2": "MY",
    "alpha-3": "MYS",
    "value": "458",
    "value_old": "ISO 3166-2:MY",
    "region": "Asia",
    "sub-region": "South-Eastern Asia",
    "region-code": "142",
    "sub-region-code": "035"
  },
  {
    "label": "Maldives",
    "alpha-2": "MV",
    "alpha-3": "MDV",
    "value": "462",
    "value_old": "ISO 3166-2:MV",
    "region": "Asia",
    "sub-region": "Southern Asia",
    "region-code": "142",
    "sub-region-code": "034"
  },
  {
    "label": "Mali",
    "alpha-2": "ML",
    "alpha-3": "MLI",
    "value": "466",
    "value_old": "ISO 3166-2:ML",
    "region": "Africa",
    "sub-region": "Western Africa",
    "region-code": "002",
    "sub-region-code": "011"
  },
  {
    "label": "Malta",
    "alpha-2": "MT",
    "alpha-3": "MLT",
    "value": "470",
    "value_old": "ISO 3166-2:MT",
    "region": "Europe",
    "sub-region": "Southern Europe",
    "region-code": "150",
    "sub-region-code": "039"
  },
  {
    "label": "Marshall Islands",
    "alpha-2": "MH",
    "alpha-3": "MHL",
    "value": "584",
    "value_old": "ISO 3166-2:MH",
    "region": "Oceania",
    "sub-region": "Micronesia",
    "region-code": "009",
    "sub-region-code": "057"
  },
  {
    "label": "Martinique",
    "alpha-2": "MQ",
    "alpha-3": "MTQ",
    "value": "474",
    "value_old": "ISO 3166-2:MQ",
    "region": "Americas",
    "sub-region": "Caribbean",
    "region-code": "019",
    "sub-region-code": "029"
  },
  {
    "label": "Mauritania",
    "alpha-2": "MR",
    "alpha-3": "MRT",
    "value": "478",
    "value_old": "ISO 3166-2:MR",
    "region": "Africa",
    "sub-region": "Western Africa",
    "region-code": "002",
    "sub-region-code": "011"
  },
  {
    "label": "Mauritius",
    "alpha-2": "MU",
    "alpha-3": "MUS",
    "value": "480",
    "value_old": "ISO 3166-2:MU",
    "region": "Africa",
    "sub-region": "Eastern Africa",
    "region-code": "002",
    "sub-region-code": "014"
  },
  {
    "label": "Mayotte",
    "alpha-2": "YT",
    "alpha-3": "MYT",
    "value": "175",
    "value_old": "ISO 3166-2:YT",
    "region": "Africa",
    "sub-region": "Eastern Africa",
    "region-code": "002",
    "sub-region-code": "014"
  },
  {
    "label": "Mexico",
    "alpha-2": "MX",
    "alpha-3": "MEX",
    "value": "484",
    "value_old": "ISO 3166-2:MX",
    "region": "Americas",
    "sub-region": "Central America",
    "region-code": "019",
    "sub-region-code": "013"
  },
  {
    "label": "Micronesia (Federated States of)",
    "alpha-2": "FM",
    "alpha-3": "FSM",
    "value": "583",
    "value_old": "ISO 3166-2:FM",
    "region": "Oceania",
    "sub-region": "Micronesia",
    "region-code": "009",
    "sub-region-code": "057"
  },
  {
    "label": "Moldova (Republic of)",
    "alpha-2": "MD",
    "alpha-3": "MDA",
    "value": "498",
    "value_old": "ISO 3166-2:MD",
    "region": "Europe",
    "sub-region": "Eastern Europe",
    "region-code": "150",
    "sub-region-code": "151"
  },
  {
    "label": "Monaco",
    "alpha-2": "MC",
    "alpha-3": "MCO",
    "value": "492",
    "value_old": "ISO 3166-2:MC",
    "region": "Europe",
    "sub-region": "Western Europe",
    "region-code": "150",
    "sub-region-code": "155"
  },
  {
    "label": "Mongolia",
    "alpha-2": "MN",
    "alpha-3": "MNG",
    "value": "496",
    "value_old": "ISO 3166-2:MN",
    "region": "Asia",
    "sub-region": "Eastern Asia",
    "region-code": "142",
    "sub-region-code": "030"
  },
  {
    "label": "Montenegro",
    "alpha-2": "ME",
    "alpha-3": "MNE",
    "value": "499",
    "value_old": "ISO 3166-2:ME",
    "region": "Europe",
    "sub-region": "Southern Europe",
    "region-code": "150",
    "sub-region-code": "039"
  },
  {
    "label": "Montserrat",
    "alpha-2": "MS",
    "alpha-3": "MSR",
    "value": "500",
    "value_old": "ISO 3166-2:MS",
    "region": "Americas",
    "sub-region": "Caribbean",
    "region-code": "019",
    "sub-region-code": "029"
  },
  {
    "label": "Morocco",
    "alpha-2": "MA",
    "alpha-3": "MAR",
    "value": "504",
    "value_old": "ISO 3166-2:MA",
    "region": "Africa",
    "sub-region": "Northern Africa",
    "region-code": "002",
    "sub-region-code": "015"
  },
  {
    "label": "Mozambique",
    "alpha-2": "MZ",
    "alpha-3": "MOZ",
    "value": "508",
    "value_old": "ISO 3166-2:MZ",
    "region": "Africa",
    "sub-region": "Eastern Africa",
    "region-code": "002",
    "sub-region-code": "014"
  },
  {
    "label": "Myanmar",
    "alpha-2": "MM",
    "alpha-3": "MMR",
    "value": "104",
    "value_old": "ISO 3166-2:MM",
    "region": "Asia",
    "sub-region": "South-Eastern Asia",
    "region-code": "142",
    "sub-region-code": "035"
  },
  {
    "label": "Namibia",
    "alpha-2": "NA",
    "alpha-3": "NAM",
    "value": "516",
    "value_old": "ISO 3166-2:NA",
    "region": "Africa",
    "sub-region": "Southern Africa",
    "region-code": "002",
    "sub-region-code": "018"
  },
  {
    "label": "Nauru",
    "alpha-2": "NR",
    "alpha-3": "NRU",
    "value": "520",
    "value_old": "ISO 3166-2:NR",
    "region": "Oceania",
    "sub-region": "Micronesia",
    "region-code": "009",
    "sub-region-code": "057"
  },
  {
    "label": "Nepal",
    "alpha-2": "NP",
    "alpha-3": "NPL",
    "value": "524",
    "value_old": "ISO 3166-2:NP",
    "region": "Asia",
    "sub-region": "Southern Asia",
    "region-code": "142",
    "sub-region-code": "034"
  },
  {
    "label": "Netherlands",
    "alpha-2": "NL",
    "alpha-3": "NLD",
    "value": "528",
    "value_old": "ISO 3166-2:NL",
    "region": "Europe",
    "sub-region": "Western Europe",
    "region-code": "150",
    "sub-region-code": "155"
  },
  {
    "label": "New Caledonia",
    "alpha-2": "NC",
    "alpha-3": "NCL",
    "value": "540",
    "value_old": "ISO 3166-2:NC",
    "region": "Oceania",
    "sub-region": "Melanesia",
    "region-code": "009",
    "sub-region-code": "054"
  },
  {
    "label": "New Zealand",
    "alpha-2": "NZ",
    "alpha-3": "NZL",
    "value": "554",
    "value_old": "ISO 3166-2:NZ",
    "region": "Oceania",
    "sub-region": "Australia and New Zealand",
    "region-code": "009",
    "sub-region-code": "053"
  },
  {
    "label": "Nicaragua",
    "alpha-2": "NI",
    "alpha-3": "NIC",
    "value": "558",
    "value_old": "ISO 3166-2:NI",
    "region": "Americas",
    "sub-region": "Central America",
    "region-code": "019",
    "sub-region-code": "013"
  },
  {
    "label": "Niger",
    "alpha-2": "NE",
    "alpha-3": "NER",
    "value": "562",
    "value_old": "ISO 3166-2:NE",
    "region": "Africa",
    "sub-region": "Western Africa",
    "region-code": "002",
    "sub-region-code": "011"
  },
  {
    "label": "Nigeria",
    "alpha-2": "NG",
    "alpha-3": "NGA",
    "value": "566",
    "value_old": "ISO 3166-2:NG",
    "region": "Africa",
    "sub-region": "Western Africa",
    "region-code": "002",
    "sub-region-code": "011"
  },
  {
    "label": "Niue",
    "alpha-2": "NU",
    "alpha-3": "NIU",
    "value": "570",
    "value_old": "ISO 3166-2:NU",
    "region": "Oceania",
    "sub-region": "Polynesia",
    "region-code": "009",
    "sub-region-code": "061"
  },
  {
    "label": "Norfolk Island",
    "alpha-2": "NF",
    "alpha-3": "NFK",
    "value": "574",
    "value_old": "ISO 3166-2:NF",
    "region": "Oceania",
    "sub-region": "Australia and New Zealand",
    "region-code": "009",
    "sub-region-code": "053"
  },
  {
    "label": "Northern Mariana Islands",
    "alpha-2": "MP",
    "alpha-3": "MNP",
    "value": "580",
    "value_old": "ISO 3166-2:MP",
    "region": "Oceania",
    "sub-region": "Micronesia",
    "region-code": "009",
    "sub-region-code": "057"
  },
  {
    "label": "Norway",
    "alpha-2": "NO",
    "alpha-3": "NOR",
    "value": "578",
    "value_old": "ISO 3166-2:NO",
    "region": "Europe",
    "sub-region": "Northern Europe",
    "region-code": "150",
    "sub-region-code": "154"
  },
  {
    "label": "Oman",
    "alpha-2": "OM",
    "alpha-3": "OMN",
    "value": "512",
    "value_old": "ISO 3166-2:OM",
    "region": "Asia",
    "sub-region": "Western Asia",
    "region-code": "142",
    "sub-region-code": "145"
  },
  {
    "label": "Pakistan",
    "alpha-2": "PK",
    "alpha-3": "PAK",
    "value": "586",
    "value_old": "ISO 3166-2:PK",
    "region": "Asia",
    "sub-region": "Southern Asia",
    "region-code": "142",
    "sub-region-code": "034"
  },
  {
    "label": "Palau",
    "alpha-2": "PW",
    "alpha-3": "PLW",
    "value": "585",
    "value_old": "ISO 3166-2:PW",
    "region": "Oceania",
    "sub-region": "Micronesia",
    "region-code": "009",
    "sub-region-code": "057"
  },
  {
    "label": "Palestine, State of",
    "alpha-2": "PS",
    "alpha-3": "PSE",
    "value": "275",
    "value_old": "ISO 3166-2:PS",
    "region": "Asia",
    "sub-region": "Western Asia",
    "region-code": "142",
    "sub-region-code": "145"
  },
  {
    "label": "Panama",
    "alpha-2": "PA",
    "alpha-3": "PAN",
    "value": "591",
    "value_old": "ISO 3166-2:PA",
    "region": "Americas",
    "sub-region": "Central America",
    "region-code": "019",
    "sub-region-code": "013"
  },
  {
    "label": "Papua New Guinea",
    "alpha-2": "PG",
    "alpha-3": "PNG",
    "value": "598",
    "value_old": "ISO 3166-2:PG",
    "region": "Oceania",
    "sub-region": "Melanesia",
    "region-code": "009",
    "sub-region-code": "054"
  },
  {
    "label": "Paraguay",
    "alpha-2": "PY",
    "alpha-3": "PRY",
    "value": "600",
    "value_old": "ISO 3166-2:PY",
    "region": "Americas",
    "sub-region": "South America",
    "region-code": "019",
    "sub-region-code": "005"
  },
  {
    "label": "Peru",
    "alpha-2": "PE",
    "alpha-3": "PER",
    "value": "604",
    "value_old": "ISO 3166-2:PE",
    "region": "Americas",
    "sub-region": "South America",
    "region-code": "019",
    "sub-region-code": "005"
  },
  {
    "label": "Philippines",
    "alpha-2": "PH",
    "alpha-3": "PHL",
    "value": "608",
    "value_old": "ISO 3166-2:PH",
    "region": "Asia",
    "sub-region": "South-Eastern Asia",
    "region-code": "142",
    "sub-region-code": "035"
  },
  {
    "label": "Pitcairn",
    "alpha-2": "PN",
    "alpha-3": "PCN",
    "value": "612",
    "value_old": "ISO 3166-2:PN",
    "region": "Oceania",
    "sub-region": "Polynesia",
    "region-code": "009",
    "sub-region-code": "061"
  },
  {
    "label": "Poland",
    "alpha-2": "PL",
    "alpha-3": "POL",
    "value": "616",
    "value_old": "ISO 3166-2:PL",
    "region": "Europe",
    "sub-region": "Eastern Europe",
    "region-code": "150",
    "sub-region-code": "151"
  },
  {
    "label": "Portugal",
    "alpha-2": "PT",
    "alpha-3": "PRT",
    "value": "620",
    "value_old": "ISO 3166-2:PT",
    "region": "Europe",
    "sub-region": "Southern Europe",
    "region-code": "150",
    "sub-region-code": "039"
  },
  {
    "label": "Puerto Rico",
    "alpha-2": "PR",
    "alpha-3": "PRI",
    "value": "630",
    "value_old": "ISO 3166-2:PR",
    "region": "Americas",
    "sub-region": "Caribbean",
    "region-code": "019",
    "sub-region-code": "029"
  },
  {
    "label": "Qatar",
    "alpha-2": "QA",
    "alpha-3": "QAT",
    "value": "634",
    "value_old": "ISO 3166-2:QA",
    "region": "Asia",
    "sub-region": "Western Asia",
    "region-code": "142",
    "sub-region-code": "145"
  },
  {
    "label": "Réunion",
    "alpha-2": "RE",
    "alpha-3": "REU",
    "value": "638",
    "value_old": "ISO 3166-2:RE",
    "region": "Africa",
    "sub-region": "Eastern Africa",
    "region-code": "002",
    "sub-region-code": "014"
  },
  {
    "label": "Romania",
    "alpha-2": "RO",
    "alpha-3": "ROU",
    "value": "642",
    "value_old": "ISO 3166-2:RO",
    "region": "Europe",
    "sub-region": "Eastern Europe",
    "region-code": "150",
    "sub-region-code": "151"
  },
  {
    "label": "Russian Federation",
    "alpha-2": "RU",
    "alpha-3": "RUS",
    "value": "643",
    "value_old": "ISO 3166-2:RU",
    "region": "Europe",
    "sub-region": "Eastern Europe",
    "region-code": "150",
    "sub-region-code": "151"
  },
  {
    "label": "Rwanda",
    "alpha-2": "RW",
    "alpha-3": "RWA",
    "value": "646",
    "value_old": "ISO 3166-2:RW",
    "region": "Africa",
    "sub-region": "Eastern Africa",
    "region-code": "002",
    "sub-region-code": "014"
  },
  {
    "label": "Saint Barthélemy",
    "alpha-2": "BL",
    "alpha-3": "BLM",
    "value": "652",
    "value_old": "ISO 3166-2:BL",
    "region": "Americas",
    "sub-region": "Caribbean",
    "region-code": "019",
    "sub-region-code": "029"
  },
  {
    "label": "Saint Helena, Ascension and Tristan da Cunha",
    "alpha-2": "SH",
    "alpha-3": "SHN",
    "value": "654",
    "value_old": "ISO 3166-2:SH",
    "region": "Africa",
    "sub-region": "Western Africa",
    "region-code": "002",
    "sub-region-code": "011"
  },
  {
    "label": "Saint Kitts and Nevis",
    "alpha-2": "KN",
    "alpha-3": "KNA",
    "value": "659",
    "value_old": "ISO 3166-2:KN",
    "region": "Americas",
    "sub-region": "Caribbean",
    "region-code": "019",
    "sub-region-code": "029"
  },
  {
    "label": "Saint Lucia",
    "alpha-2": "LC",
    "alpha-3": "LCA",
    "value": "662",
    "value_old": "ISO 3166-2:LC",
    "region": "Americas",
    "sub-region": "Caribbean",
    "region-code": "019",
    "sub-region-code": "029"
  },
  {
    "label": "Saint Martin (French part)",
    "alpha-2": "MF",
    "alpha-3": "MAF",
    "value": "663",
    "value_old": "ISO 3166-2:MF",
    "region": "Americas",
    "sub-region": "Caribbean",
    "region-code": "019",
    "sub-region-code": "029"
  },
  {
    "label": "Saint Pierre and Miquelon",
    "alpha-2": "PM",
    "alpha-3": "SPM",
    "value": "666",
    "value_old": "ISO 3166-2:PM",
    "region": "Americas",
    "sub-region": "Northern America",
    "region-code": "019",
    "sub-region-code": "021"
  },
  {
    "label": "Saint Vincent and the Grenadines",
    "alpha-2": "VC",
    "alpha-3": "VCT",
    "value": "670",
    "value_old": "ISO 3166-2:VC",
    "region": "Americas",
    "sub-region": "Caribbean",
    "region-code": "019",
    "sub-region-code": "029"
  },
  {
    "label": "Samoa",
    "alpha-2": "WS",
    "alpha-3": "WSM",
    "value": "882",
    "value_old": "ISO 3166-2:WS",
    "region": "Oceania",
    "sub-region": "Polynesia",
    "region-code": "009",
    "sub-region-code": "061"
  },
  {
    "label": "San Marino",
    "alpha-2": "SM",
    "alpha-3": "SMR",
    "value": "674",
    "value_old": "ISO 3166-2:SM",
    "region": "Europe",
    "sub-region": "Southern Europe",
    "region-code": "150",
    "sub-region-code": "039"
  },
  {
    "label": "Sao Tome and Principe",
    "alpha-2": "ST",
    "alpha-3": "STP",
    "value": "678",
    "value_old": "ISO 3166-2:ST",
    "region": "Africa",
    "sub-region": "Middle Africa",
    "region-code": "002",
    "sub-region-code": "017"
  },
  {
    "label": "Saudi Arabia",
    "alpha-2": "SA",
    "alpha-3": "SAU",
    "value": "682",
    "value_old": "ISO 3166-2:SA",
    "region": "Asia",
    "sub-region": "Western Asia",
    "region-code": "142",
    "sub-region-code": "145"
  },
  {
    "label": "Senegal",
    "alpha-2": "SN",
    "alpha-3": "SEN",
    "value": "686",
    "value_old": "ISO 3166-2:SN",
    "region": "Africa",
    "sub-region": "Western Africa",
    "region-code": "002",
    "sub-region-code": "011"
  },
  {
    "label": "Serbia",
    "alpha-2": "RS",
    "alpha-3": "SRB",
    "value": "688",
    "value_old": "ISO 3166-2:RS",
    "region": "Europe",
    "sub-region": "Southern Europe",
    "region-code": "150",
    "sub-region-code": "039"
  },
  {
    "label": "Seychelles",
    "alpha-2": "SC",
    "alpha-3": "SYC",
    "value": "690",
    "value_old": "ISO 3166-2:SC",
    "region": "Africa",
    "sub-region": "Eastern Africa",
    "region-code": "002",
    "sub-region-code": "014"
  },
  {
    "label": "Sierra Leone",
    "alpha-2": "SL",
    "alpha-3": "SLE",
    "value": "694",
    "value_old": "ISO 3166-2:SL",
    "region": "Africa",
    "sub-region": "Western Africa",
    "region-code": "002",
    "sub-region-code": "011"
  },
  {
    "label": "Singapore",
    "alpha-2": "SG",
    "alpha-3": "SGP",
    "value": "702",
    "value_old": "ISO 3166-2:SG",
    "region": "Asia",
    "sub-region": "South-Eastern Asia",
    "region-code": "142",
    "sub-region-code": "035"
  },
  {
    "label": "Sint Maarten (Dutch part)",
    "alpha-2": "SX",
    "alpha-3": "SXM",
    "value": "534",
    "value_old": "ISO 3166-2:SX",
    "region": "Americas",
    "sub-region": "Caribbean",
    "region-code": "019",
    "sub-region-code": "029"
  },
  {
    "label": "Slovakia",
    "alpha-2": "SK",
    "alpha-3": "SVK",
    "value": "703",
    "value_old": "ISO 3166-2:SK",
    "region": "Europe",
    "sub-region": "Eastern Europe",
    "region-code": "150",
    "sub-region-code": "151"
  },
  {
    "label": "Slovenia",
    "alpha-2": "SI",
    "alpha-3": "SVN",
    "value": "705",
    "value_old": "ISO 3166-2:SI",
    "region": "Europe",
    "sub-region": "Southern Europe",
    "region-code": "150",
    "sub-region-code": "039"
  },
  {
    "label": "Solomon Islands",
    "alpha-2": "SB",
    "alpha-3": "SLB",
    "value": "090",
    "value_old": "ISO 3166-2:SB",
    "region": "Oceania",
    "sub-region": "Melanesia",
    "region-code": "009",
    "sub-region-code": "054"
  },
  {
    "label": "Somalia",
    "alpha-2": "SO",
    "alpha-3": "SOM",
    "value": "706",
    "value_old": "ISO 3166-2:SO",
    "region": "Africa",
    "sub-region": "Eastern Africa",
    "region-code": "002",
    "sub-region-code": "014"
  },
  {
    "label": "South Africa",
    "alpha-2": "ZA",
    "alpha-3": "ZAF",
    "value": "710",
    "value_old": "ISO 3166-2:ZA",
    "region": "Africa",
    "sub-region": "Southern Africa",
    "region-code": "002",
    "sub-region-code": "018"
  },
  {
    "label": "South Georgia and the South Sandwich Islands",
    "alpha-2": "GS",
    "alpha-3": "SGS",
    "value": "239",
    "value_old": "ISO 3166-2:GS",
    "sub-region-code": null,
    "region-code": null,
    "sub-region": null,
    "region": null
  },
  {
    "label": "South Sudan",
    "alpha-2": "SS",
    "alpha-3": "SSD",
    "value": "728",
    "value_old": "ISO 3166-2:SS",
    "region": "Africa",
    "sub-region": "Eastern Africa",
    "region-code": "002",
    "sub-region-code": "014"
  },
  {
    "label": "Spain",
    "alpha-2": "ES",
    "alpha-3": "ESP",
    "value": "724",
    "value_old": "ISO 3166-2:ES",
    "region": "Europe",
    "sub-region": "Southern Europe",
    "region-code": "150",
    "sub-region-code": "039"
  },
  {
    "label": "Sri Lanka",
    "alpha-2": "LK",
    "alpha-3": "LKA",
    "value": "144",
    "value_old": "ISO 3166-2:LK",
    "region": "Asia",
    "sub-region": "Southern Asia",
    "region-code": "142",
    "sub-region-code": "034"
  },
  {
    "label": "Sudan",
    "alpha-2": "SD",
    "alpha-3": "SDN",
    "value": "729",
    "value_old": "ISO 3166-2:SD",
    "region": "Africa",
    "sub-region": "Northern Africa",
    "region-code": "002",
    "sub-region-code": "015"
  },
  {
    "label": "Surilabel",
    "alpha-2": "SR",
    "alpha-3": "SUR",
    "value": "740",
    "value_old": "ISO 3166-2:SR",
    "region": "Americas",
    "sub-region": "South America",
    "region-code": "019",
    "sub-region-code": "005"
  },
  {
    "label": "Svalbard and Jan Mayen",
    "alpha-2": "SJ",
    "alpha-3": "SJM",
    "value": "744",
    "value_old": "ISO 3166-2:SJ",
    "region": "Europe",
    "sub-region": "Northern Europe",
    "region-code": "150",
    "sub-region-code": "154"
  },
  {
    "label": "Swaziland",
    "alpha-2": "SZ",
    "alpha-3": "SWZ",
    "value": "748",
    "value_old": "ISO 3166-2:SZ",
    "region": "Africa",
    "sub-region": "Southern Africa",
    "region-code": "002",
    "sub-region-code": "018"
  },
  {
    "label": "Sweden",
    "alpha-2": "SE",
    "alpha-3": "SWE",
    "value": "752",
    "value_old": "ISO 3166-2:SE",
    "region": "Europe",
    "sub-region": "Northern Europe",
    "region-code": "150",
    "sub-region-code": "154"
  },
  {
    "label": "Switzerland",
    "alpha-2": "CH",
    "alpha-3": "CHE",
    "value": "756",
    "value_old": "ISO 3166-2:CH",
    "region": "Europe",
    "sub-region": "Western Europe",
    "region-code": "150",
    "sub-region-code": "155"
  },
  {
    "label": "Syrian Arab Republic",
    "alpha-2": "SY",
    "alpha-3": "SYR",
    "value": "760",
    "value_old": "ISO 3166-2:SY",
    "region": "Asia",
    "sub-region": "Western Asia",
    "region-code": "142",
    "sub-region-code": "145"
  },
  {
    "label": "Taiwan, Province of China",
    "alpha-2": "TW",
    "alpha-3": "TWN",
    "value": "158",
    "value_old": "ISO 3166-2:TW",
    "region": "Asia",
    "sub-region": "Eastern Asia",
    "region-code": "142",
    "sub-region-code": "030"
  },
  {
    "label": "Tajikistan",
    "alpha-2": "TJ",
    "alpha-3": "TJK",
    "value": "762",
    "value_old": "ISO 3166-2:TJ",
    "region": "Asia",
    "sub-region": "Central Asia",
    "region-code": "142",
    "sub-region-code": "143"
  },
  {
    "label": "Tanzania, United Republic of",
    "alpha-2": "TZ",
    "alpha-3": "TZA",
    "value": "834",
    "value_old": "ISO 3166-2:TZ",
    "region": "Africa",
    "sub-region": "Eastern Africa",
    "region-code": "002",
    "sub-region-code": "014"
  },
  {
    "label": "Thailand",
    "alpha-2": "TH",
    "alpha-3": "THA",
    "value": "764",
    "value_old": "ISO 3166-2:TH",
    "region": "Asia",
    "sub-region": "South-Eastern Asia",
    "region-code": "142",
    "sub-region-code": "035"
  },
  {
    "label": "Timor-Leste",
    "alpha-2": "TL",
    "alpha-3": "TLS",
    "value": "626",
    "value_old": "ISO 3166-2:TL",
    "region": "Asia",
    "sub-region": "South-Eastern Asia",
    "region-code": "142",
    "sub-region-code": "035"
  },
  {
    "label": "Togo",
    "alpha-2": "TG",
    "alpha-3": "TGO",
    "value": "768",
    "value_old": "ISO 3166-2:TG",
    "region": "Africa",
    "sub-region": "Western Africa",
    "region-code": "002",
    "sub-region-code": "011"
  },
  {
    "label": "Tokelau",
    "alpha-2": "TK",
    "alpha-3": "TKL",
    "value": "772",
    "value_old": "ISO 3166-2:TK",
    "region": "Oceania",
    "sub-region": "Polynesia",
    "region-code": "009",
    "sub-region-code": "061"
  },
  {
    "label": "Tonga",
    "alpha-2": "TO",
    "alpha-3": "TON",
    "value": "776",
    "value_old": "ISO 3166-2:TO",
    "region": "Oceania",
    "sub-region": "Polynesia",
    "region-code": "009",
    "sub-region-code": "061"
  },
  {
    "label": "Trinidad and Tobago",
    "alpha-2": "TT",
    "alpha-3": "TTO",
    "value": "780",
    "value_old": "ISO 3166-2:TT",
    "region": "Americas",
    "sub-region": "Caribbean",
    "region-code": "019",
    "sub-region-code": "029"
  },
  {
    "label": "Tunisia",
    "alpha-2": "TN",
    "alpha-3": "TUN",
    "value": "788",
    "value_old": "ISO 3166-2:TN",
    "region": "Africa",
    "sub-region": "Northern Africa",
    "region-code": "002",
    "sub-region-code": "015"
  },
  {
    "label": "Turkey",
    "alpha-2": "TR",
    "alpha-3": "TUR",
    "value": "792",
    "value_old": "ISO 3166-2:TR",
    "region": "Asia",
    "sub-region": "Western Asia",
    "region-code": "142",
    "sub-region-code": "145"
  },
  {
    "label": "Turkmenistan",
    "alpha-2": "TM",
    "alpha-3": "TKM",
    "value": "795",
    "value_old": "ISO 3166-2:TM",
    "region": "Asia",
    "sub-region": "Central Asia",
    "region-code": "142",
    "sub-region-code": "143"
  },
  {
    "label": "Turks and Caicos Islands",
    "alpha-2": "TC",
    "alpha-3": "TCA",
    "value": "796",
    "value_old": "ISO 3166-2:TC",
    "region": "Americas",
    "sub-region": "Caribbean",
    "region-code": "019",
    "sub-region-code": "029"
  },
  {
    "label": "Tuvalu",
    "alpha-2": "TV",
    "alpha-3": "TUV",
    "value": "798",
    "value_old": "ISO 3166-2:TV",
    "region": "Oceania",
    "sub-region": "Polynesia",
    "region-code": "009",
    "sub-region-code": "061"
  },
  {
    "label": "Uganda",
    "alpha-2": "UG",
    "alpha-3": "UGA",
    "value": "800",
    "value_old": "ISO 3166-2:UG",
    "region": "Africa",
    "sub-region": "Eastern Africa",
    "region-code": "002",
    "sub-region-code": "014"
  },
  {
    "label": "Ukraine",
    "alpha-2": "UA",
    "alpha-3": "UKR",
    "value": "804",
    "value_old": "ISO 3166-2:UA",
    "region": "Europe",
    "sub-region": "Eastern Europe",
    "region-code": "150",
    "sub-region-code": "151"
  },
  {
    "label": "United Arab Emirates",
    "alpha-2": "AE",
    "alpha-3": "ARE",
    "value": "784",
    "value_old": "ISO 3166-2:AE",
    "region": "Asia",
    "sub-region": "Western Asia",
    "region-code": "142",
    "sub-region-code": "145"
  },
  {
    "label": "United Kingdom of Great Britain and Northern Ireland",
    "alpha-2": "GB",
    "alpha-3": "GBR",
    "value": "826",
    "value_old": "ISO 3166-2:GB",
    "region": "Europe",
    "sub-region": "Northern Europe",
    "region-code": "150",
    "sub-region-code": "154"
  },
  {
    "label": "United States of America",
    "alpha-2": "US",
    "alpha-3": "USA",
    "value": "840",
    "value_old": "ISO 3166-2:US",
    "region": "Americas",
    "sub-region": "Northern America",
    "region-code": "019",
    "sub-region-code": "021"
  },
  {
    "label": "United States Minor Outlying Islands",
    "alpha-2": "UM",
    "alpha-3": "UMI",
    "value": "581",
    "value_old": "ISO 3166-2:UM",
    "sub-region-code": null,
    "region-code": null,
    "sub-region": null,
    "region": null
  },
  {
    "label": "Uruguay",
    "alpha-2": "UY",
    "alpha-3": "URY",
    "value": "858",
    "value_old": "ISO 3166-2:UY",
    "region": "Americas",
    "sub-region": "South America",
    "region-code": "019",
    "sub-region-code": "005"
  },
  {
    "label": "Uzbekistan",
    "alpha-2": "UZ",
    "alpha-3": "UZB",
    "value": "860",
    "value_old": "ISO 3166-2:UZ",
    "region": "Asia",
    "sub-region": "Central Asia",
    "region-code": "142",
    "sub-region-code": "143"
  },
  {
    "label": "Vanuatu",
    "alpha-2": "VU",
    "alpha-3": "VUT",
    "value": "548",
    "value_old": "ISO 3166-2:VU",
    "region": "Oceania",
    "sub-region": "Melanesia",
    "region-code": "009",
    "sub-region-code": "054"
  },
  {
    "label": "Venezuela (Bolivarian Republic of)",
    "alpha-2": "VE",
    "alpha-3": "VEN",
    "value": "862",
    "value_old": "ISO 3166-2:VE",
    "region": "Americas",
    "sub-region": "South America",
    "region-code": "019",
    "sub-region-code": "005"
  },
  {
    "label": "Viet Nam",
    "alpha-2": "VN",
    "alpha-3": "VNM",
    "value": "704",
    "value_old": "ISO 3166-2:VN",
    "region": "Asia",
    "sub-region": "South-Eastern Asia",
    "region-code": "142",
    "sub-region-code": "035"
  },
  {
    "label": "Virgin Islands (British)",
    "alpha-2": "VG",
    "alpha-3": "VGB",
    "value": "092",
    "value_old": "ISO 3166-2:VG",
    "region": "Americas",
    "sub-region": "Caribbean",
    "region-code": "019",
    "sub-region-code": "029"
  },
  {
    "label": "Virgin Islands (U.S.)",
    "alpha-2": "VI",
    "alpha-3": "VIR",
    "value": "850",
    "value_old": "ISO 3166-2:VI",
    "region": "Americas",
    "sub-region": "Caribbean",
    "region-code": "019",
    "sub-region-code": "029"
  },
  {
    "label": "Wallis and Futuna",
    "alpha-2": "WF",
    "alpha-3": "WLF",
    "value": "876",
    "value_old": "ISO 3166-2:WF",
    "region": "Oceania",
    "sub-region": "Polynesia",
    "region-code": "009",
    "sub-region-code": "061"
  },
  {
    "label": "Western Sahara",
    "alpha-2": "EH",
    "alpha-3": "ESH",
    "value": "732",
    "value_old": "ISO 3166-2:EH",
    "region": "Africa",
    "sub-region": "Northern Africa",
    "region-code": "002",
    "sub-region-code": "015"
  },
  {
    "label": "Yemen",
    "alpha-2": "YE",
    "alpha-3": "YEM",
    "value": "887",
    "value_old": "ISO 3166-2:YE",
    "region": "Asia",
    "sub-region": "Western Asia",
    "region-code": "142",
    "sub-region-code": "145"
  },
  {
    "label": "Zambia",
    "alpha-2": "ZM",
    "alpha-3": "ZMB",
    "value": "894",
    "value_old": "ISO 3166-2:ZM",
    "region": "Africa",
    "sub-region": "Eastern Africa",
    "region-code": "002",
    "sub-region-code": "014"
  },
  {
    "label": "Zimbabwe",
    "alpha-2": "ZW",
    "alpha-3": "ZWE",
    "value": "716",
    "value_old": "ISO 3166-2:ZW",
    "region": "Africa",
    "sub-region": "Eastern Africa",
    "region-code": "002",
    "sub-region-code": "014"
  }
]
